Designator,Footprint,Quantity,Value,LCSC Part #
C1,0805,1,10nF,
C2,0805,1,100nF,
C3,0805,1,10nF,
C4,0805,1,100nF,
C5,0805,1,100nF,
"H1, H2",MountingHole_3.2mm_M3_DIN965,2,MountingHole,
"J1, J2, J3, J4",PinSocket_1x08_P2.54mm_Vertical,4,Conn_01x08,
J5,IDC-Header_2x03_P2.54mm_Vertical,1,AVR-UPDI-6,
J6,PinSocket_1x06_P2.54mm_Vertical,1,Conn_01x06,
J7,PinHeader_1x02_P2.54mm_Vertical,1,1x02_Jumper,
R1,0805,1,330R,
SW1,SW_Push_1P1T_NO_4.5x4.5mm,1,SW_Push,
U1,TQFP-32_7x7mm_P0.8mm,1,AVR64DD32,
